,model_name,frame_number,people
0,Ground Truth,1,3
1,Ground Truth,2,3
2,Ground Truth,3,3
3,Ground Truth,4,3
4,Ground Truth,5,3
5,Ground Truth,6,3
6,Ground Truth,7,3
7,Ground Truth,8,3
8,Ground Truth,9,3
9,Ground Truth,10,3
10,Ground Truth,11,3
11,Ground Truth,12,3
12,Ground Truth,13,3
13,Ground Truth,14,3
14,Ground Truth,15,3
15,Ground Truth,16,3
16,Ground Truth,17,4
17,Ground Truth,18,4
18,Ground Truth,19,4
19,Ground Truth,20,4
20,Ground Truth,21,4
21,Ground Truth,22,5
22,Ground Truth,23,5
23,Ground Truth,24,5
24,Ground Truth,25,5
25,Ground Truth,26,5
26,Ground Truth,27,5
27,Ground Truth,28,5
28,Ground Truth,29,5
29,Ground Truth,30,5
30,Ground Truth,31,5
31,Ground Truth,32,5
32,Ground Truth,33,5
33,Ground Truth,34,5
34,Ground Truth,35,5
35,Ground Truth,36,5
36,Ground Truth,37,5
37,Ground Truth,38,5
38,Ground Truth,39,5
39,Ground Truth,40,5
40,Ground Truth,41,6
41,Ground Truth,42,6
42,Ground Truth,43,6
43,Ground Truth,44,6
44,Ground Truth,45,6
45,Ground Truth,46,6
46,Ground Truth,47,6
47,Ground Truth,48,6
48,Ground Truth,49,6
49,Ground Truth,50,6
50,Ground Truth,51,6
51,Ground Truth,52,6
52,Ground Truth,53,6
53,Ground Truth,54,6
54,Ground Truth,55,6
55,Ground Truth,56,6
56,Ground Truth,57,6
57,Ground Truth,58,6
58,Ground Truth,59,6
59,Ground Truth,60,6
60,Ground Truth,61,6
61,Ground Truth,62,6
62,Ground Truth,63,6
63,Ground Truth,64,6
64,Ground Truth,65,6
65,Ground Truth,66,6
66,Ground Truth,67,6
67,Ground Truth,68,6
68,Ground Truth,69,6
69,Ground Truth,70,6
70,Ground Truth,71,6
71,Ground Truth,72,6
72,Ground Truth,73,6
73,Ground Truth,74,6
74,Ground Truth,75,6
75,Ground Truth,76,6
76,Ground Truth,77,6
77,Ground Truth,78,6
78,Ground Truth,79,6
79,Ground Truth,80,6
80,Ground Truth,81,6
81,Ground Truth,82,6
82,Ground Truth,83,6
83,Ground Truth,84,6
84,Ground Truth,85,6
85,Ground Truth,86,6
86,Ground Truth,87,6
87,Ground Truth,88,6
88,Ground Truth,89,6
89,Ground Truth,90,6
90,Ground Truth,91,6
91,Ground Truth,92,6
92,Ground Truth,93,6
93,Ground Truth,94,6
94,Ground Truth,95,6
95,Ground Truth,96,6
96,Ground Truth,97,6
97,Ground Truth,98,6
98,Ground Truth,99,6
99,Ground Truth,100,6
100,Ground Truth,101,6
101,Ground Truth,102,6
102,Ground Truth,103,6
103,Ground Truth,104,6
104,Ground Truth,105,6
105,Ground Truth,106,6
106,Ground Truth,107,6
107,Ground Truth,108,6
108,Ground Truth,109,6
109,Ground Truth,110,6
110,Ground Truth,111,6
111,Ground Truth,112,6
112,Ground Truth,113,6
113,Ground Truth,114,6
114,Ground Truth,115,6
115,Ground Truth,116,7
116,Ground Truth,117,7
117,Ground Truth,118,7
118,Ground Truth,119,7
119,Ground Truth,120,7
120,Ground Truth,121,7
121,Ground Truth,122,7
122,Ground Truth,123,7
123,Ground Truth,124,7
124,Ground Truth,125,7
125,Ground Truth,126,7
126,Ground Truth,127,7
127,Ground Truth,128,7
128,Ground Truth,129,7
129,Ground Truth,130,7
130,Ground Truth,131,7
131,Ground Truth,132,7
132,Ground Truth,133,8
133,Ground Truth,134,8
134,Ground Truth,135,8
135,Ground Truth,136,8
136,Ground Truth,137,8
137,Ground Truth,138,8
138,Ground Truth,139,8
139,Ground Truth,140,8
140,Ground Truth,141,8
141,Ground Truth,142,8
142,Ground Truth,143,8
143,Ground Truth,144,8
144,Ground Truth,145,8
145,Ground Truth,146,8
146,Ground Truth,147,8
147,Ground Truth,148,7
148,Ground Truth,149,7
149,Ground Truth,150,7
150,Ground Truth,151,7
151,Ground Truth,152,7
152,Ground Truth,153,7
153,Ground Truth,154,7
154,Ground Truth,155,7
155,Ground Truth,156,7
156,Ground Truth,157,7
157,Ground Truth,158,7
158,Ground Truth,159,7
159,Ground Truth,160,7
160,Ground Truth,161,7
161,Ground Truth,162,7
162,Ground Truth,163,7
163,Ground Truth,164,7
164,Ground Truth,165,7
165,Ground Truth,166,7
166,Ground Truth,167,7
167,Ground Truth,168,7
168,Ground Truth,169,7
169,Ground Truth,170,7
170,Ground Truth,171,7
171,Ground Truth,172,7
172,Ground Truth,173,7
173,Ground Truth,174,7
174,Ground Truth,175,7
175,Ground Truth,176,7
176,Ground Truth,177,7
177,Ground Truth,178,7
178,Ground Truth,179,7
179,Ground Truth,180,7
180,Ground Truth,181,7
181,Ground Truth,182,7
182,Ground Truth,183,7
183,Ground Truth,184,7
184,Ground Truth,185,7
185,Ground Truth,186,7
186,Ground Truth,187,7
187,Ground Truth,188,7
188,Ground Truth,189,7
189,Ground Truth,190,7
190,Ground Truth,191,7
191,Ground Truth,192,7
192,Ground Truth,193,7
193,Ground Truth,194,7
194,Ground Truth,195,7
195,Ground Truth,196,7
196,Ground Truth,197,7
197,Ground Truth,198,7
198,Ground Truth,199,7
199,Ground Truth,200,7
200,Ground Truth,201,7
201,Ground Truth,202,7
202,Ground Truth,203,7
203,Ground Truth,204,7
204,Ground Truth,205,7
205,Ground Truth,206,7
206,Ground Truth,207,6
207,Ground Truth,208,6
208,Ground Truth,209,6
209,Ground Truth,210,6
210,Ground Truth,211,6
211,Ground Truth,212,6
212,Ground Truth,213,6
213,Ground Truth,214,6
214,Ground Truth,215,6
215,Ground Truth,216,6
216,Ground Truth,217,6
217,Ground Truth,218,6
218,Ground Truth,219,5
219,Ground Truth,220,5
220,Ground Truth,221,5
221,Ground Truth,222,5
222,Ground Truth,223,5
223,Ground Truth,224,6
224,Ground Truth,225,6
225,Ground Truth,226,6
226,Ground Truth,227,6
227,Ground Truth,228,6
228,Ground Truth,229,6
229,Ground Truth,230,6
230,Ground Truth,231,7
231,Ground Truth,232,7
232,Ground Truth,233,7
233,Ground Truth,234,7
234,Ground Truth,235,7
235,Ground Truth,236,7
236,Ground Truth,237,7
237,Ground Truth,238,7
238,Ground Truth,239,7
239,Ground Truth,240,7
240,Ground Truth,241,7
241,Ground Truth,242,7
242,Ground Truth,243,7
243,Ground Truth,244,7
244,Ground Truth,245,7
245,Ground Truth,246,7
246,Ground Truth,247,7
247,Ground Truth,248,7
248,Ground Truth,249,7
249,Ground Truth,250,7
250,Ground Truth,251,7
251,Ground Truth,252,7
252,Ground Truth,253,7
253,Ground Truth,254,7
254,Ground Truth,255,7
255,Ground Truth,256,7
256,Ground Truth,257,7
257,Ground Truth,258,7
258,Ground Truth,259,7
259,Ground Truth,260,7
260,Ground Truth,261,7
261,Ground Truth,262,7
262,Ground Truth,263,7
263,Ground Truth,264,7
264,Ground Truth,265,7
265,Ground Truth,266,7
266,Ground Truth,267,7
267,Ground Truth,268,7
268,Ground Truth,269,7
269,Ground Truth,270,7
270,Ground Truth,271,7
271,Ground Truth,272,7
272,Ground Truth,273,7
273,Ground Truth,274,7
274,Ground Truth,275,7
275,Ground Truth,276,7
276,Ground Truth,277,7
277,Ground Truth,278,7
278,Ground Truth,279,7
279,Ground Truth,280,7
280,Ground Truth,281,6
281,Ground Truth,282,6
282,Ground Truth,283,6
283,Ground Truth,284,6
284,Ground Truth,285,6
285,Ground Truth,286,6
286,Ground Truth,287,6
287,Ground Truth,288,6
288,Ground Truth,289,6
289,Ground Truth,290,6
290,Ground Truth,291,6
291,Ground Truth,292,6
292,Ground Truth,293,6
293,Ground Truth,294,6
294,Ground Truth,295,6
295,Ground Truth,296,6
296,Ground Truth,297,6
297,Ground Truth,298,6
298,Ground Truth,299,6
299,Ground Truth,300,6
300,Ground Truth,301,6
301,Ground Truth,302,6
302,Ground Truth,303,6
303,Ground Truth,304,6
304,Ground Truth,305,6
305,Ground Truth,306,6
306,Ground Truth,307,6
307,Ground Truth,308,6
308,Ground Truth,309,6
309,Ground Truth,310,6
310,Ground Truth,311,6
311,Ground Truth,312,6
312,Ground Truth,313,6
313,Ground Truth,314,6
314,Ground Truth,315,6
315,Ground Truth,316,6
316,Ground Truth,317,6
317,Ground Truth,318,6
318,Ground Truth,319,6
319,Ground Truth,320,6
320,Ground Truth,321,6
321,Ground Truth,322,6
322,Ground Truth,323,6
323,Ground Truth,324,6
324,Ground Truth,325,6
325,Ground Truth,326,6
326,Ground Truth,327,6
327,Ground Truth,328,6
328,Ground Truth,329,6
329,Ground Truth,330,6
330,Ground Truth,331,6
331,Ground Truth,332,6
332,Ground Truth,333,6
333,Ground Truth,334,6
334,Ground Truth,335,6
335,Ground Truth,336,6
336,Ground Truth,337,6
337,Ground Truth,338,6
338,Ground Truth,339,6
339,Ground Truth,340,6
340,Ground Truth,341,6
341,Ground Truth,342,6
342,Ground Truth,343,6
343,Ground Truth,344,6
344,Ground Truth,345,6
345,Ground Truth,346,6
346,Ground Truth,347,6
347,Ground Truth,348,6
348,Ground Truth,349,6
349,Ground Truth,350,6
350,Ground Truth,351,6
351,Ground Truth,352,6
352,Ground Truth,353,6
353,Ground Truth,354,6
354,Ground Truth,355,6
355,Ground Truth,356,6
356,Ground Truth,357,6
357,Ground Truth,358,6
358,Ground Truth,359,6
359,Ground Truth,360,6
360,Ground Truth,361,6
361,Ground Truth,362,6
362,Ground Truth,363,5
363,Ground Truth,364,5
364,Ground Truth,365,5
365,Ground Truth,366,5
366,Ground Truth,367,5
367,Ground Truth,368,4
368,Ground Truth,369,4
369,Ground Truth,370,4
370,Ground Truth,371,4
371,Ground Truth,372,4
372,Ground Truth,373,4
373,Ground Truth,374,4
374,Ground Truth,375,4
375,Ground Truth,376,4
376,Ground Truth,377,4
377,Ground Truth,378,4
378,Ground Truth,379,4
379,Ground Truth,380,4
380,Ground Truth,381,4
381,Ground Truth,382,4
382,Ground Truth,383,4
383,Ground Truth,384,4
384,Ground Truth,385,4
385,Ground Truth,386,4
386,Ground Truth,387,4
387,Ground Truth,388,4
388,Ground Truth,389,4
389,Ground Truth,390,4
390,Ground Truth,391,4
391,Ground Truth,392,4
392,Ground Truth,393,4
393,Ground Truth,394,3
394,Ground Truth,395,3
395,Ground Truth,396,3
396,Ground Truth,397,3
397,Ground Truth,398,3
398,Ground Truth,399,3
399,Ground Truth,400,3
400,Ground Truth,401,3
401,Ground Truth,402,3
402,Ground Truth,403,3
403,Ground Truth,404,3
404,Ground Truth,405,2
405,Ground Truth,406,2
406,Ground Truth,407,2
407,Ground Truth,408,2
408,Ground Truth,409,2
409,Ground Truth,410,2
410,Ground Truth,411,2
411,Ground Truth,412,2
412,Ground Truth,413,2
413,Ground Truth,414,2
414,Ground Truth,415,2
415,Ground Truth,416,2
416,Ground Truth,417,2
417,Ground Truth,418,2
418,Ground Truth,419,2
419,Ground Truth,420,2
420,Ground Truth,421,2
421,Ground Truth,422,2
422,Ground Truth,423,3
423,Ground Truth,424,3
424,Ground Truth,425,3
425,Ground Truth,426,3
426,Ground Truth,427,3
427,Ground Truth,428,3
428,Ground Truth,429,3
429,Ground Truth,430,3
430,Ground Truth,431,3
431,Ground Truth,432,3
432,Ground Truth,433,3
433,Ground Truth,434,3
434,Ground Truth,435,3
435,Ground Truth,436,3
436,Ground Truth,437,3
437,Ground Truth,438,3
438,Ground Truth,439,3
439,Ground Truth,440,3
440,Ground Truth,441,3
441,Ground Truth,442,3
442,Ground Truth,443,3
443,Ground Truth,444,3
444,Ground Truth,445,3
445,Ground Truth,446,3
446,Ground Truth,447,3
447,Ground Truth,448,3
448,Ground Truth,449,3
449,Ground Truth,450,3
450,Ground Truth,451,3
451,Ground Truth,452,3
452,Ground Truth,453,3
453,Ground Truth,454,3
454,Ground Truth,455,3
455,Ground Truth,456,3
456,Ground Truth,457,3
457,Ground Truth,458,3
458,Ground Truth,459,3
459,Ground Truth,460,3
460,Ground Truth,461,3
461,Ground Truth,462,3
462,Ground Truth,463,3
463,Ground Truth,464,3
464,Ground Truth,465,3
465,Ground Truth,466,3
466,Ground Truth,467,4
467,Ground Truth,468,4
468,Ground Truth,469,4
469,Ground Truth,470,4
470,Ground Truth,471,4
471,Ground Truth,472,4
472,Ground Truth,473,4
473,Ground Truth,474,4
474,Ground Truth,475,4
475,Ground Truth,476,4
476,Ground Truth,477,4
477,Ground Truth,478,4
478,Ground Truth,479,4
479,Ground Truth,480,4
480,Ground Truth,481,4
481,Ground Truth,482,4
482,Ground Truth,483,4
483,Ground Truth,484,4
484,Ground Truth,485,4
485,Ground Truth,486,4
486,Ground Truth,487,4
487,Ground Truth,488,4
488,Ground Truth,489,4
489,Ground Truth,490,4
490,Ground Truth,491,4
491,Ground Truth,492,4
492,Ground Truth,493,4
493,Ground Truth,494,4
494,Ground Truth,495,4
495,Ground Truth,496,4
496,Ground Truth,497,4
497,Ground Truth,498,4
498,Ground Truth,499,4
499,Ground Truth,500,4
500,Ground Truth,501,4
501,Ground Truth,502,4
502,Ground Truth,503,4
503,Ground Truth,504,4
504,Ground Truth,505,5
505,Ground Truth,506,5
506,Ground Truth,507,6
507,Ground Truth,508,6
508,Ground Truth,509,6
509,Ground Truth,510,6
510,Ground Truth,511,6
511,Ground Truth,512,6
512,Ground Truth,513,6
513,Ground Truth,514,6
514,Ground Truth,515,6
515,Ground Truth,516,6
516,Ground Truth,517,6
517,Ground Truth,518,6
518,Ground Truth,519,6
519,Ground Truth,520,5
520,Ground Truth,521,5
521,Ground Truth,522,5
522,Ground Truth,523,5
523,Ground Truth,524,5
524,Ground Truth,525,5
525,Ground Truth,526,5
526,Ground Truth,527,5
527,Ground Truth,528,5
528,Ground Truth,529,6
529,Ground Truth,530,6
530,Ground Truth,531,6
531,Ground Truth,532,6
532,Ground Truth,533,6
533,Ground Truth,534,6
534,Ground Truth,535,6
535,Ground Truth,536,6
536,Ground Truth,537,6
537,Ground Truth,538,6
538,Ground Truth,539,6
539,Ground Truth,540,6
540,Ground Truth,541,6
541,Ground Truth,542,6
542,Ground Truth,543,6
543,Ground Truth,544,6
544,Ground Truth,545,6
545,Ground Truth,546,6
546,Ground Truth,547,6
547,Ground Truth,548,6
548,Ground Truth,549,6
549,Ground Truth,550,6
550,Ground Truth,551,6
551,Ground Truth,552,6
552,Ground Truth,553,6
553,Ground Truth,554,6
554,Ground Truth,555,6
555,Ground Truth,556,6
556,Ground Truth,557,6
557,Ground Truth,558,6
558,Ground Truth,559,6
559,Ground Truth,560,6
560,Ground Truth,561,6
561,Ground Truth,562,6
562,Ground Truth,563,6
563,Ground Truth,564,6
564,Ground Truth,565,6
565,Ground Truth,566,6
566,Ground Truth,567,6
567,Ground Truth,568,6
568,Ground Truth,569,6
569,Ground Truth,570,6
570,Ground Truth,571,6
571,Ground Truth,572,6
572,Ground Truth,573,6
573,Ground Truth,574,6
574,Ground Truth,575,6
575,Ground Truth,576,7
576,Ground Truth,577,7
577,Ground Truth,578,6
578,Ground Truth,579,6
579,Ground Truth,580,6
580,Ground Truth,581,6
581,Ground Truth,582,6
582,Ground Truth,583,6
583,Ground Truth,584,6
584,Ground Truth,585,6
585,Ground Truth,586,6
586,Ground Truth,587,6
587,Ground Truth,588,6
588,Ground Truth,589,6
589,Ground Truth,590,6
590,Ground Truth,591,6
591,Ground Truth,592,6
592,Ground Truth,593,6
593,Ground Truth,594,6
594,Ground Truth,595,6
595,Ground Truth,596,6
596,Ground Truth,597,6
597,Ground Truth,598,6
598,Ground Truth,599,6
599,Ground Truth,600,6
600,Ground Truth,601,6
601,Ground Truth,602,6
602,Ground Truth,603,6
603,Ground Truth,604,6
604,Ground Truth,605,6
605,Ground Truth,606,6
606,Ground Truth,607,6
607,Ground Truth,608,6
608,Ground Truth,609,6
609,Ground Truth,610,6
610,Ground Truth,611,7
611,Ground Truth,612,7
612,Ground Truth,613,7
613,Ground Truth,614,6
614,Ground Truth,615,6
615,Ground Truth,616,6
616,Ground Truth,617,6
617,Ground Truth,618,6
618,Ground Truth,619,6
619,Ground Truth,620,6
620,Ground Truth,621,6
621,Ground Truth,622,6
622,Ground Truth,623,6
623,Ground Truth,624,6
624,Ground Truth,625,6
625,Ground Truth,626,6
626,Ground Truth,627,6
627,Ground Truth,628,6
628,Ground Truth,629,6
629,Ground Truth,630,6
630,Ground Truth,631,6
631,Ground Truth,632,6
632,Ground Truth,633,6
633,Ground Truth,634,6
634,Ground Truth,635,6
635,Ground Truth,636,6
636,Ground Truth,637,6
637,Ground Truth,638,6
638,Ground Truth,639,6
639,Ground Truth,640,6
640,Ground Truth,641,6
641,Ground Truth,642,6
642,Ground Truth,643,6
643,Ground Truth,644,6
644,Ground Truth,645,6
645,Ground Truth,646,6
646,Ground Truth,647,6
647,Ground Truth,648,6
648,Ground Truth,649,6
649,Ground Truth,650,6
650,Ground Truth,651,6
651,Ground Truth,652,6
652,Ground Truth,653,6
653,Ground Truth,654,6
654,Ground Truth,655,6
655,Ground Truth,656,6
656,Ground Truth,657,6
657,Ground Truth,658,6
658,Ground Truth,659,6
659,Ground Truth,660,7
660,Ground Truth,661,7
661,Ground Truth,662,7
662,Ground Truth,663,7
663,Ground Truth,664,7
664,Ground Truth,665,7
665,Ground Truth,666,7
666,Ground Truth,667,7
667,Ground Truth,668,7
668,Ground Truth,669,7
669,Ground Truth,670,7
670,Ground Truth,671,7
671,Ground Truth,672,7
672,Ground Truth,673,7
673,Ground Truth,674,7
674,Ground Truth,675,7
675,Ground Truth,676,7
676,Ground Truth,677,7
677,Ground Truth,678,7
678,Ground Truth,679,7
679,Ground Truth,680,7
680,Ground Truth,681,7
681,Ground Truth,682,7
682,Ground Truth,683,7
683,Ground Truth,684,7
684,Ground Truth,685,7
685,Ground Truth,686,7
686,Ground Truth,687,7
687,Ground Truth,688,7
688,Ground Truth,689,7
689,Ground Truth,690,7
690,Ground Truth,691,7
691,Ground Truth,692,7
692,Ground Truth,693,7
693,Ground Truth,694,7
694,Ground Truth,695,7
695,Ground Truth,696,7
696,Ground Truth,697,8
697,Ground Truth,698,8
698,Ground Truth,699,8
699,Ground Truth,700,8
700,Ground Truth,701,8
701,Ground Truth,702,8
702,Ground Truth,703,8
703,Ground Truth,704,8
704,Ground Truth,705,8
705,Ground Truth,706,8
706,Ground Truth,707,8
707,Ground Truth,708,8
708,Ground Truth,709,8
709,Ground Truth,710,8
710,Ground Truth,711,8
711,Ground Truth,712,8
712,Ground Truth,713,8
713,Ground Truth,714,8
714,Ground Truth,715,8
715,Ground Truth,716,8
716,Ground Truth,717,8
717,Ground Truth,718,8
718,Ground Truth,719,8
719,Ground Truth,720,8
720,Ground Truth,721,8
721,Ground Truth,722,8
722,Ground Truth,723,8
723,Ground Truth,724,8
724,Ground Truth,725,8
725,Ground Truth,726,8
726,Ground Truth,727,8
727,Ground Truth,728,8
728,Ground Truth,729,8
729,Ground Truth,730,8
730,Ground Truth,731,8
731,Ground Truth,732,8
732,Ground Truth,733,8
733,Ground Truth,734,8
734,Ground Truth,735,8
735,Ground Truth,736,8
736,Ground Truth,737,8
737,Ground Truth,738,8
738,Ground Truth,739,8
739,Ground Truth,740,8
740,Ground Truth,741,8
741,Ground Truth,742,8
742,Ground Truth,743,7
743,Ground Truth,744,7
744,Ground Truth,745,7
745,Ground Truth,746,7
746,Ground Truth,747,7
747,Ground Truth,748,7
748,Ground Truth,749,7
749,Ground Truth,750,7
750,Ground Truth,751,7
751,Ground Truth,752,7
752,Ground Truth,753,7
753,Ground Truth,754,7
754,Ground Truth,755,7
755,Ground Truth,756,7
756,Ground Truth,757,7
757,Ground Truth,758,7
758,Ground Truth,759,7
759,Ground Truth,760,7
760,Ground Truth,761,7
761,Ground Truth,762,7
762,Ground Truth,763,7
763,Ground Truth,764,7
764,Ground Truth,765,7
765,Ground Truth,766,7
766,Ground Truth,767,7
767,Ground Truth,768,7
768,Ground Truth,769,7
769,Ground Truth,770,7
770,Ground Truth,771,7
771,Ground Truth,772,7
772,Ground Truth,773,7
773,Ground Truth,774,7
774,Ground Truth,775,7
775,Ground Truth,776,7
776,Ground Truth,777,7
777,Ground Truth,778,7
778,Ground Truth,779,7
779,Ground Truth,780,7
780,Ground Truth,781,7
781,Ground Truth,782,7
782,Ground Truth,783,7
783,Ground Truth,784,7
784,Ground Truth,785,7
785,Ground Truth,786,7
786,Ground Truth,787,7
787,Ground Truth,788,7
788,Ground Truth,789,7
789,Ground Truth,790,7
790,Ground Truth,791,7
791,Ground Truth,792,7
792,Ground Truth,793,7
793,Ground Truth,794,7
794,Ground Truth,795,7
